,merchant_id,user_id,transaction_amount,device_id,probab,predict,y_train
11,32954,6,443.9,757451.0,0.059396462433849904,0,0
524,73271,7725,2594.59,313443.0,0.3218906776421097,0,1
817,46609,9853,567.14,686249.0,0.06818183219983044,0,1
300,52458,33648,179.38,596730.0,0.060019581454833465,0,0
1016,85072,99523,196.6,931056.0,0.04500117789194074,0,0
1861,25473,33805,739.91,330437.0,0.13405816231646697,0,1
452,42075,45949,1431.56,727228.0,0.13726769420166582,0,0
2075,87559,83380,489.95,700397.0,0.06743846724390769,0,0
2620,92441,81510,90.09,735564.0,0.04699774732991816,0,0
1819,98669,55588,1151.2,992323.0,0.06797694260573924,0,0
1048,11110,34172,958.91,488433.0,0.14071958149289396,0,0
1069,55854,3584,971.97,707086.0,0.08350928574168309,0,1
864,63837,6099,167.75,486783.0,0.05793757136174838,0,0
1977,30180,99654,2373.03,152381.0,0.45735677536126307,0,0
537,12247,76468,245.57,833745.0,0.06782404337767312,0,0
1996,61644,58287,626.21,235864.0,0.12637088987230885,0,0
1406,17218,91896,334.51,211776.0,0.14383861252119443,0,0
1341,2895,82408,10.3,680743.0,0.07223380621357219,0,0
1111,54860,1759,3859.52,289109.0,0.5827731904264836,1,0
586,71725,2975,657.94,665807.0,0.06464347707150692,0,0
852,17275,11750,632.15,342890.0,0.11881187582874048,0,0
47,64641,94988,360.2,797054.0,0.0639447814190746,0,0
999,6440,35268,301.69,523421.0,0.08848125645419486,0,0
844,37172,75664,225.69,427527.0,0.09249794247276581,0,0
627,27089,70555,1541.16,473547.0,0.2163467590993948,0,0
1380,37760,1085,60.31,75588.0,0.09341846336161956,0,0
1539,46859,57306,265.99,479057.0,0.08094512229288166,0,0
806,42178,85053,321.97,796995.0,0.06680578735058842,0,0
2053,71577,58162,2357.2,322220.0,0.32187382485027743,0,0
2199,60121,22443,1123.35,657301.0,0.10234522189232356,0,0
2170,53599,28421,152.1,244125.0,0.08471291707194106,0,0
1576,43076,4798,235.14,837884.0,0.0451117731523676,0,0
1317,79266,5537,4008.79,347138.0,0.5676584411601203,1,0
1192,18329,47262,698.72,706958.0,0.09469384756010926,0,0
434,29214,71424,501.1,183034.0,0.14724305294064316,0,1
772,43410,82158,1661.58,759878.0,0.1719250325735915,0,0
1649,63131,80868,35.3,357411.0,0.07875564504836954,0,0
2381,23744,95349,2089.19,178927.0,0.3999281448341176,0,0
417,49542,7161,164.39,438736.0,0.0654577254803981,0,0
1122,42356,16862,173.17,495100.0,0.0661918117597271,0,1
902,95110,79747,2281.33,776713.0,0.2008913204124404,0,0
848,42319,63847,58.0,321529.0,0.08648442743327962,0,0
1554,99419,43345,172.92,479219.0,0.05638341199025565,0,0
1196,34597,16531,75.06,694882.0,0.05110712313065526,0,0
1126,42356,16862,127.54,495100.0,0.06404025437726722,0,1
549,63050,76837,50.32,364150.0,0.07797750924617956,0,0
2349,22712,93388,193.16,356611.0,0.11038495231666481,0,0
2572,49205,27277,390.68,864040.0,0.051613187631221774,0,0
2547,98233,332,1418.06,125173.0,0.1698945867647333,0,0
1605,25921,72983,279.12,151476.0,0.13369295865562547,0,0
1770,61326,16603,1534.4,347529.0,0.18035466659400104,0,0
2037,28675,82734,10.19,527167.0,0.07588489687692417,0,0
2698,65655,61413,282.2,731859.0,0.05756147906094136,0,0
1784,45959,34482,588.13,753452.0,0.07015571241344737,0,0
1526,5525,6406,747.49,443051.0,0.11988471142232256,0,0
2126,29931,18257,288.64,38586.0,0.12462512419732566,0,0
2355,40469,76708,710.11,760553.0,0.08987548930871839,0,0
1641,98913,49150,397.59,779241.0,0.04858252204911158,0,0
1683,12878,17664,162.73,22159.0,0.12522344777220834,0,0
1790,32527,24776,1224.91,462061.0,0.15260113668390196,0,0
2513,59777,21988,284.0,864199.0,0.04451294184289639,0,0
1437,96015,21854,1058.34,191241.0,0.13554043635295163,0,0
1954,65330,23038,2020.44,971113.0,0.13331734324556613,0,0
1439,58209,69278,404.05,898814.0,0.05559640196760506,0,0
2717,9329,60997,1717.86,490155.0,0.24680068628052754,0,0
2530,91972,43244,2403.84,371111.0,0.284065697387059,0,0
1422,35679,61764,203.02,401998.0,0.0899275208954873,0,0
1023,66442,50068,593.1,67253.0,0.14016689215501063,0,0
93,96863,51465,27.6,474932.0,0.053035794492623405,0,0
1345,95577,41872,176.71,613441.0,0.049285984247640385,0,0
939,27973,18465,57.96,93650.0,0.10132447320032853,0,0
2023,60779,11452,542.75,274282.0,0.09871117895301126,0,1
779,42812,50599,621.42,434119.0,0.10857277632010175,0,0
2384,76864,72170,275.92,86420.0,0.11371696106279619,0,0
2215,29120,20026,998.15,395837.0,0.14039971618736133,0,0
65,96863,59544,835.95,278185.0,0.11988521973136927,0,0
159,5533,45420,300.58,892328.0,0.061348618172387785,0,1
1311,44927,27555,629.86,822562.0,0.06573779567429892,0,1
1079,55854,3584,452.58,707086.0,0.05743620879278103,0,0
1073,48784,38627,25.9,871682.0,0.04074993145029275,0,0
949,15402,48918,172.02,958950.0,0.050065747722749056,0,0
1650,12197,68751,205.41,965627.0,0.055411446982283695,0,0
2150,68856,16083,340.98,450574.0,0.0691292802278188,0,0
1763,50839,93080,700.8,174253.0,0.16516148828619093,0,0
1394,95630,82441,237.31,315433.0,0.08235039082342281,0,0
589,63453,71391,523.59,966800.0,0.055258393834467505,0,0
2706,22532,65956,1805.29,834389.0,0.18189244985557618,0,0
403,15950,12678,565.1,190238.0,0.13413104595093212,0,1
449,41634,54583,212.77,109603.0,0.11740059956324739,0,0
1185,99030,69890,912.85,219173.0,0.13741692366233363,0,0
1592,99379,87132,235.0,474101.0,0.06901001329336086,0,0
1033,217,99354,552.51,127442.0,0.19747662960237058,0,0
954,73987,22727,390.74,757815.0,0.050855321546818606,0,0
2668,79698,94908,367.1,930738.0,0.051537197381657365,0,0
554,66875,14542,318.76,350635.0,0.0762247816213211,0,0
1936,7513,67226,273.87,944054.0,0.06068463040761049,0,0
2321,13410,6422,178.21,714050.0,0.05760380666962307,0,0
2314,32527,62890,1512.2,646617.0,0.17222791305218313,0,0
2287,40051,34851,691.67,539455.0,0.09799090073347713,0,0
2205,22533,63265,360.43,460741.0,0.10060827521366777,0,0
756,48126,92259,1012.42,355583.0,0.17038217534205904,0,1
205,97967,25678,319.01,983757.0,0.033592850735854295,0,0
1693,29719,44300,179.38,998627.0,0.04422189378546073,0,0
1321,26765,61949,345.52,224538.0,0.12470642347315505,0,0
43,68953,10241,2507.78,94234.0,0.3724035250281923,0,1
1789,36929,15519,2013.25,875177.0,0.16126631276523407,0,0
823,13096,93767,428.39,111836.0,0.17290965111094778,0,1
106,62891,17025,2143.01,209775.0,0.29198260302542667,0,0
198,96428,16599,952.25,602261.0,0.07995884690288431,0,0
1384,48888,96572,207.2,488019.0,0.08695711007638553,0,0
1008,92897,89626,114.3,4571.0,0.10929129445175063,0,0
2127,65330,78262,3996.79,547440.0,0.5899472150153401,1,0
2496,67049,28742,155.51,763344.0,0.04486022860442466,0,0
2667,58749,92060,709.43,37828.0,0.18306912368629188,0,0
1259,59875,78262,1082.03,547440.0,0.13392619902989533,0,1
1328,11829,81062,1.39,693858.0,0.06753573246598987,0,0
1522,5709,19190,1527.91,662915.0,0.16755285486550522,0,0
2599,58892,88279,183.72,94710.0,0.12079925924531437,0,0
1550,1657,83179,39.55,727762.0,0.07064652323213055,0,0
595,91446,43666,1109.45,54552.0,0.1753480519182502,0,0
1933,32808,45039,1012.37,221406.0,0.179318979448514,0,0
583,29214,50643,605.6,570971.0,0.09875864369646468,0,1
2134,981,82540,165.33,167783.0,0.1399687446630353,0,0
1597,50616,52900,20.65,701687.0,0.05125967888307059,0,0
1751,31403,50855,1058.22,790507.0,0.1061634529354538,0,0
1924,31663,73616,1527.31,398625.0,0.22778370206042467,0,0
393,29744,83452,802.66,750759.0,0.10404038979045947,0,0
2471,44825,95421,323.88,179194.0,0.1324719071208527,0,0
1365,57885,57787,452.47,955191.0,0.05203860279113978,0,0
33,44529,4800,342.32,469761.0,0.07303156341381761,0,0
1774,22118,58873,1753.11,63410.0,0.34175361374980195,0,0
1397,6880,86733,85.36,268193.0,0.11809823750014735,0,0
2090,38274,78216,637.38,977137.0,0.06841806404238464,0,0
916,15275,59812,252.16,96259.0,0.13953204179893325,0,0
1093,36146,54468,219.9,234914.0,0.10594018629909244,0,0
2326,38388,82335,150.42,708931.0,0.06559375346138037,0,0
202,2176,81599,50.32,928671.0,0.05653642514597405,0,0
2218,71378,9853,84.4,730313.0,0.04048088511864993,0,0
1929,5525,2278,726.48,348176.0,0.12867740381491674,0,0
1376,14744,51776,503.12,635529.0,0.09195820773865972,0,0
1776,85137,79932,402.77,168670.0,0.11250214871194701,0,0
1440,51046,70507,754.16,49149.0,0.18019094062749805,0,0
2207,31960,95855,219.58,83641.0,0.14421780155543307,0,0
1052,80155,88553,285.31,943627.0,0.046670680085795876,0,0
573,9397,81375,1025.78,17248.0,0.2655226134307747,0,0
1103,55854,53850,278.03,20098.0,0.12619895652681476,0,1
1263,40406,97678,25.17,983219.0,0.046011820965946186,0,0
1193,93354,62974,144.7,402744.0,0.06622782789176661,0,0
683,78306,51896,593.04,329905.0,0.10176710463310325,0,0
863,13029,77171,457.22,960512.0,0.06862305291905911,0,0
761,48126,92259,1074.26,355583.0,0.17726066699508386,0,1
277,79326,20407,69.78,608071.0,0.04594147056322063,0,0
845,33952,51512,280.81,389308.0,0.09378251092513036,0,0
2742,71701,95527,50.38,463439.0,0.07160377960028172,0,0
1363,49205,77787,339.34,277486.0,0.11198940947931532,0,0
1329,85323,89465,827.97,665089.0,0.09200088909468516,0,0
2320,53041,11452,1003.01,274282.0,0.13989192766646985,0,0
2256,91972,96972,3015.83,452560.0,0.4136443752924951,0,1
2455,16532,91607,2355.82,708900.0,0.30917174591302926,0,0
1080,69117,93546,10.88,120914.0,0.10139606433570776,0,0
1388,69790,45705,141.85,951799.0,0.037569477714020964,0,0
1230,52663,2298,290.11,980755.0,0.03781952221224912,0,0
1974,65465,90972,701.64,853911.0,0.07548137818307782,0,0
126,3097,69321,413.81,332900.0,0.13264159679389761,0,0
1226,92029,73271,878.49,135148.0,0.1523316951006818,0,0
662,48276,85199,2383.34,457155.0,0.3389607055055417,0,0
1340,94544,59201,606.3,594277.0,0.07343194395420029,0,0
1347,89934,6220,2.14,547465.0,0.04230635057062639,0,0
1829,64616,94766,140.84,247239.0,0.0994341801797739,0,0
1736,52897,31819,1592.59,790235.0,0.13073892553179994,0,1
1717,39522,7709,183.23,274222.0,0.08340599136984309,0,0
1029,69297,59456,20.17,309095.0,0.07421041701654922,0,0
1096,4705,91637,787.1,563499.0,0.14337964216826654,0,1
1209,79010,62394,40.93,524138.0,0.05731325977331208,0,0
2128,36700,27657,2991.46,707435.0,0.34373003510944805,0,1
2163,70989,68772,329.45,511975.0,0.07596354131096365,0,0
2297,46045,10378,20.17,281538.0,0.07209877900275881,0,0
1021,29463,95445,1220.15,944850.0,0.11775426682093162,0,0
170,5404,6538,1369.99,52389.0,0.2596385952895409,0,0
2689,6112,18591,524.03,643866.0,0.08608586749945348,0,0
2387,46837,2427,237.87,598034.0,0.05764391264106878,0,0
979,14646,47923,295.88,444141.0,0.09641902169764638,0,0
1828,66652,89547,1760.44,647016.0,0.1897629617091572,0,0
1618,66172,63198,981.74,345480.0,0.1427717621112111,0,0
847,3643,63298,10.58,631187.0,0.07121882434703793,0,0
827,6495,85430,330.95,760415.0,0.08273450711574533,0,0
2590,45959,30014,393.68,718110.0,0.062412425175255484,0,0
530,6596,48141,1299.58,487224.0,0.1869611205631218,0,0
309,81537,88826,85.59,686267.0,0.05350983397945345,0,0
89,13019,78513,359.09,580095.0,0.09719291291110613,0,0
1443,76291,78734,302.44,338221.0,0.09081229011731212,0,0
517,29681,82539,1564.85,417897.0,0.23653294935106983,0,0
461,15326,66979,1221.94,81082.0,0.26427410748709945,0,1
2269,53041,58905,334.49,122092.0,0.12140206158267507,0,1
209,51634,34397,132.99,627530.0,0.056429646198465425,0,0
1203,61481,47677,72.34,664182.0,0.05177613819165675,0,0
2551,88962,19418,1291.09,250039.0,0.15243434555963264,0,0
2450,47183,45556,378.41,445805.0,0.08722319060494758,0,0
1570,3028,85678,60.04,463691.0,0.09568840110445359,0,0
2175,68998,40506,335.02,143436.0,0.10414048857376025,0,0
693,88463,99760,33.47,840640.0,0.04349866405740918,0,0
69,90032,79699,706.62,178881.0,0.1338174185533938,0,0
1489,78042,2868,163.95,281227.0,0.06712704306557556,0,0
2096,77233,33071,203.12,81722.0,0.09535347131895273,0,0
1004,26981,63952,255.37,967812.0,0.05255769568700874,0,0
2710,14322,77810,100.31,567030.0,0.08143958124813287,0,0
257,15326,66979,1352.34,81082.0,0.28437568247116785,0,1
325,91972,97611,3863.2,457665.0,0.5753682397306641,1,1
1783,17275,7695,608.08,223682.0,0.13053767641309516,0,0
1976,24714,87997,155.85,200830.0,0.12333150529273824,0,0
1601,65818,46752,282.92,193055.0,0.0986652602575957,0,0
2077,17057,20367,1624.54,14550.0,0.30713138503519266,0,0
41,5868,38003,2332.18,968225.0,0.21875198737658705,0,0
2545,43575,11924,156.12,704203.0,0.050607758549499615,0,0
1393,43076,4798,252.16,837884.0,0.045683122699079745,0,0
767,81795,17807,515.49,288714.0,0.08849879138446978,0,1
2233,49205,55384,195.54,686241.0,0.06018642086619818,0,0
2600,47605,22788,2009.24,482446.0,0.22898674380871323,0,0
2284,68953,10241,139.56,511329.0,0.05467769174517898,0,0
1134,57964,5736,68.95,798723.0,0.03893138448537532,0,0
1807,46837,85725,270.69,815167.0,0.06186105743919117,0,0
1289,59875,78262,943.14,547440.0,0.12193104381054425,0,1
1969,10002,15357,259.45,543116.0,0.0773032570208085,0,0
851,18675,82361,1.92,521096.0,0.07944366990771996,0,0
227,5753,23204,306.83,554015.0,0.08275360279464489,0,0
1064,7626,34175,70.35,805794.0,0.05438649240232213,0,0
532,217,30578,1022.83,967509.0,0.09234882412127504,0,0
1632,92089,45953,559.62,257062.0,0.09898084943871042,0,0
783,94493,45616,5.96,924171.0,0.031057157777887236,0,0
874,35579,74974,458.39,70823.0,0.1576788123130616,0,0
2602,1931,72413,3082.8,798045.0,0.4149334823697607,0,0
2454,97900,88791,1188.9,367840.0,0.15138656866869318,0,0
840,36411,20052,1065.44,424321.0,0.13822309111187356,0,0
2472,8754,31796,508.94,985140.0,0.06050188945343375,0,0
1608,27356,44605,1859.71,795797.0,0.17966683925041854,0,0
481,48126,55630,1074.53,611676.0,0.12209274951651633,0,1
1264,83225,66500,45.57,851307.0,0.039547142788097775,0,0
1748,6035,99056,350.88,602403.0,0.10425389704950741,0,0
1901,37052,91208,10.04,504397.0,0.0770080434588957,0,0
1756,34433,17851,573.96,947511.0,0.05581770758952295,0,0
951,73271,7725,451.41,308950.0,0.08317664268962899,0,1
2359,7594,54118,343.42,411303.0,0.10873730718347337,0,0
715,65465,56794,312.33,64764.0,0.11933138696945174,0,0
133,42356,74585,342.65,126381.0,0.13394465383567805,0,0
488,38901,7281,50.76,708348.0,0.046894341803827726,0,0
2680,76038,54395,1293.77,504297.0,0.1393455037291471,0,0
1872,31978,99486,1103.55,524907.0,0.16729340077319235,0,0
1125,65,700,345.72,143605.0,0.12522183884081728,0,0
702,56451,46441,487.01,654595.0,0.07213432627241867,0,0
2686,14578,11005,1669.81,711461.0,0.1644701369003832,0,0
105,52165,24055,649.3,754820.0,0.06861719473171206,0,0
977,73234,24071,163.86,686897.0,0.04699163400473943,0,0
838,98272,79054,2076.65,101848.0,0.3188659046574775,0,1
2685,12476,62985,315.52,100951.0,0.14805988558681893,0,0
866,25035,49378,3079.11,52660.0,0.5829193171034389,1,0
582,63050,76837,50.64,364150.0,0.07799533303625537,0,0
1463,22700,59567,854.48,288776.0,0.1653841184836833,0,0
1523,4129,22693,60.1,543813.0,0.07054986683197095,0,0
1878,60073,68703,365.92,874741.0,0.05494194006844316,0,0
13,56107,81152,32.86,486.0,0.11894514270161015,0,1
462,13202,7196,583.62,348396.0,0.11464742653245472,0,0
332,56464,82790,266.78,522772.0,0.08052906957166478,0,0
2676,15506,64469,775.12,292318.0,0.16381015781738847,0,0
1231,4927,93688,333.73,544516.0,0.10814887823466408,0,0
2145,66409,65981,376.42,867901.0,0.053625157944666955,0,0
1369,21168,75991,193.67,259828.0,0.11627849294488866,0,0
1658,5525,85776,642.62,758302.0,0.10380169175768472,0,0
1843,77896,89590,100.4,504467.0,0.06753848949290397,0,0
2135,71441,35428,83.93,744825.0,0.043550552349178144,0,0
2553,59324,74510,212.89,821794.0,0.053367944833779005,0,0
2697,26981,3454,199.88,920007.0,0.04306685615790791,0,0
1668,24335,26891,860.85,178747.0,0.16630322831517877,0,0
799,21281,67845,361.8,123636.0,0.14588079880233007,0,1
2461,13410,74563,247.41,165768.0,0.1368802630373208,0,0
1803,89943,86411,1979.46,597308.0,0.20558959143059238,0,1
2654,5576,93422,498.76,646081.0,0.10847587042682608,0,0
2642,19378,47822,3495.33,668423.0,0.48777912621741004,0,0
798,18267,79054,2022.18,101848.0,0.4015780950108587,0,1
2324,42687,1516,3375.01,167508.0,0.5406823644905252,1,0
1940,40591,57906,2503.4,753336.0,0.27144328132292295,0,0
981,24340,55518,192.7,771371.0,0.06147552929831172,0,0
1725,21386,29343,30.89,359589.0,0.07979388455281168,0,0
189,14326,92980,249.41,910562.0,0.06548457303873165,0,0
1034,99379,80810,358.35,220783.0,0.09709718769681086,0,0
580,92029,41092,250.98,610266.0,0.052984542359897205,0,0
302,26647,48470,194.01,625813.0,0.06978965363054507,0,0
2050,65702,99411,765.02,755804.0,0.09027358008543843,0,0
390,64192,132,714.56,568889.0,0.07684117540361263,0,0
2660,33192,34548,30.37,203134.0,0.09107484980151655,0,0
1200,34376,55405,30.53,54799.0,0.11364255929707817,0,0
600,86197,92469,2238.67,149717.0,0.358924388756597,0,0
1548,80749,68159,233.28,352134.0,0.08053168525363869,0,0
1174,11202,88625,80.46,917833.0,0.05743141546560149,0,0
884,17275,7695,631.11,223682.0,0.1325758197173235,0,1
2560,58892,13727,212.33,212549.0,0.08497052989799175,0,0
514,72680,16052,1093.13,130330.0,0.16005515689021177,0,0
2343,84910,33800,195.4,994374.0,0.03318098161117637,0,0
876,69825,82744,232.36,432107.0,0.08151882461885301,0,0
2223,65330,78262,2257.43,547440.0,0.2721757522928651,0,1
1432,93881,72962,576.11,337977.0,0.09964524487910496,0,0
1382,69713,59064,90.87,498650.0,0.06315879931234177,0,0
2316,91431,92731,1909.04,949864.0,0.1409095992167876,0,0
1290,4869,43454,704.83,607165.0,0.11094564934741775,0,0
2138,59539,54983,372.44,29134.0,0.13159683147200765,0,0
2049,4705,91637,905.32,563499.0,0.15499859562766155,0,1
606,704,67245,966.1,115003.0,0.23367115384168896,0,0
2055,38803,81872,285.34,764690.0,0.06775461446887557,0,0
26,53816,5541,2597.51,656429.0,0.2575014623110627,0,1
416,3531,52129,248.97,307489.0,0.11497614604487988,0,1
2598,55315,55236,803.46,806170.0,0.07939952930476113,0,0
1464,34597,6213,75.83,412833.0,0.06755060784235971,0,0
1510,33192,34548,325.54,203134.0,0.11185478422051115,0,0
1883,72133,56353,978.74,229018.0,0.15288974200778874,0,0
639,41537,29363,261.37,448268.0,0.07778547749996381,0,0
395,77791,97390,174.52,956728.0,0.04420306770910119,0,0
504,2436,93989,211.89,971931.0,0.06318548008156469,0,0
552,25978,52022,426.68,413497.0,0.10508474693571872,0,0
259,84382,17183,345.89,366469.0,0.07104052784383239,0,0
1051,68953,10241,867.03,94234.0,0.142718522887766,0,0
1409,54892,63930,2264.67,183083.0,0.3665512356847263,0,0
2429,17304,40549,4004.99,589777.0,0.604114845745458,1,0
1170,22605,80308,80.03,399073.0,0.09344142467905224,0,0
1108,99510,56877,512.23,60010.0,0.11824195714382363,0,0
2039,53041,58905,159.21,122092.0,0.10764776231597072,0,1
109,17275,11750,657.38,342890.0,0.12087332745314085,0,1
1167,9363,8979,394.58,546303.0,0.08325445890271849,0,0
1235,38142,90858,20.68,104612.0,0.11825426055508385,0,0
1258,20663,83722,1047.68,978084.0,0.10104069821314525,0,1
2422,86444,76291,845.43,733274.0,0.08235602717087075,0,0
1506,82894,52757,687.71,907628.0,0.05688906712343269,0,0
805,18267,96025,2029.76,438940.0,0.32530134305098,0,1
1275,10936,41062,268.52,480497.0,0.09042231460958175,0,0
1155,12745,12756,3923.44,917759.0,0.4729978778874105,0,1
1676,84290,83857,307.32,21728.0,0.12490837935316043,0,0
1932,99379,41595,476.1,753930.0,0.051462278820764644,0,0
182,41286,93953,297.83,93683.0,0.14358131097406887,0,0
1265,78019,65565,251.74,456676.0,0.0730740826239375,0,0
2511,49205,43752,263.44,934308.0,0.04599818877195532,0,0
290,15326,66979,2029.63,81082.0,0.40174232842289054,0,1
2920,33641,61637,442.48,417645.0,0.1054799275764739,0,0
910,62486,87340,983.2,376287.0,0.1518227720568626,0,0
674,47302,76281,291.67,612903.0,0.07582530998728945,0,0
1689,13239,11805,524.18,227794.0,0.12667906415950006,0,0
812,18267,96025,2040.15,438940.0,0.3270702856592112,0,1
1392,74774,95238,1261.98,384248.0,0.1755838916602686,0,0
1488,49957,67424,521.34,924199.0,0.060827588099927776,0,0
1035,42356,11065,1525.93,698520.0,0.1345947795024765,0,1
2197,1356,58799,199.21,991631.0,0.05449194095524771,0,0
1447,82867,92034,1378.86,314172.0,0.19378990770620227,0,1
568,16420,42233,2261.6,305962.0,0.3586375568210891,0,0
1871,7205,23988,10.96,785934.0,0.05148515421928722,0,0
650,6674,71828,591.12,943669.0,0.0778378519803388,0,0
1312,29280,99650,5.01,4076.0,0.13880079135546186,0,0
2544,32268,31037,684.36,777362.0,0.07713707543024448,0,0
1286,41548,46359,480.53,522625.0,0.08878616203857102,0,0
923,93881,61705,444.26,333939.0,0.0878662854691313,0,0
2040,1017,19199,10.87,174041.0,0.10192883792997472,0,1
597,67952,24339,272.9,707355.0,0.05108366630136642,0,0
734,1308,96025,2904.6,438940.0,0.5083584948978171,1,1
2335,22385,89944,222.89,388198.0,0.10791618176105468,0,0
1917,56464,72958,251.38,383797.0,0.08957625881566023,0,0
1171,32895,67681,438.51,797140.0,0.07149177776562456,0,0
2225,18344,89040,225.55,870223.0,0.06515199326257125,0,0
1631,72341,99663,1064.28,285980.0,0.17438374595753922,0,0
1322,51319,39540,120.89,424023.0,0.07144723833328158,0,0
911,98272,79054,1175.72,101848.0,0.18894573827245864,0,1
2557,26765,19392,99.31,433139.0,0.07290604694403353,0,0
137,46619,15769,188.24,697708.0,0.0521387506523905,0,0
1724,33688,13229,701.9,907237.0,0.0632853490249156,0,0
853,68875,60822,414.64,18698.0,0.13385210529121003,0,0
2512,52378,11320,299.74,667618.0,0.05605937423465482,0,0
2274,53041,58905,1025.74,122092.0,0.19096419865112188,0,1
1247,6317,37427,981.62,393031.0,0.16209309456916438,0,0
1874,39340,22356,42.79,629558.0,0.05358262607074377,0,0
2084,37323,75136,10.25,480103.0,0.07479075247774593,0,0
956,7954,57953,80.33,45961.0,0.13437848625701732,0,0
142,62194,3157,183.73,586347.0,0.05231511614420757,0,1
760,36617,79054,1605.1,101848.0,0.3069865514474925,0,1
2550,17304,31561,4091.83,199663.0,0.7147455328404659,1,0
2438,49205,6920,780.29,820454.0,0.06707341022797661,0,0
2679,33192,2889,669.82,681004.0,0.07674721378160738,0,0
737,6756,28839,1005.25,600489.0,0.1296795077076448,0,0
429,33528,43473,1156.08,591230.0,0.13508320580125618,0,0
313,48752,44075,248.57,493084.0,0.07461292450376449,0,0
759,704,67245,1257.51,115003.0,0.27648555567142435,0,0
2505,43938,11338,752.41,752407.0,0.07372366690936609,0,0
1081,15064,60321,3049.39,278637.0,0.5336272162151487,1,0
948,91,1668,466.36,208768.0,0.12740240563367694,0,0
996,34799,26277,52.49,867567.0,0.04276309931417794,0,0
54,33903,53472,1264.52,780606.0,0.12325563826834417,0,0
1149,91972,24644,4072.9,977260.0,0.39714574131852565,0,1
1010,52663,6583,992.07,665113.0,0.09085330331382505,0,0
890,32355,87435,385.4,964909.0,0.06132603443569129,0,0
1399,92426,23720,30.45,71255.0,0.07711970973522081,0,0
1295,89808,78815,227.68,279149.0,0.08631977469172769,0,0
6,20917,25661,318.37,760932.0,0.06246354057003322,0,0
1836,73152,5156,306.95,774426.0,0.04429272301527161,0,0
1242,88252,59888,649.91,105940.0,0.13133554726623323,0,0
964,46045,10378,553.66,17372.0,0.13836055918435702,0,1
789,51575,30198,25.64,444276.0,0.06308546857598805,0,0
1973,95111,38200,380.53,636561.0,0.05518865665801316,0,0
1320,44927,27555,717.97,822562.0,0.07005592944202184,0,1
668,80345,41684,637.87,387598.0,0.09456337299930664,0,0
58,71549,39744,790.71,739317.0,0.0744715288665725,0,0
983,5364,4277,423.33,469562.0,0.09253803711430639,0,0
2282,53041,28218,809.13,174844.0,0.14344606372784852,0,1
2099,11210,66182,759.48,651735.0,0.11509240255939897,0,0
959,42178,85267,332.79,735990.0,0.07206113724239892,0,0
1282,75874,8615,390.35,572190.0,0.0590435965543273,0,0
1339,21761,73411,791.06,489387.0,0.13592268413081743,0,0
2191,86011,91598,110.33,295127.0,0.08293790324273574,0,0
1127,6475,35492,394.13,850827.0,0.06613880877724682,0,0
466,38901,7281,286.52,708348.0,0.05576639241250472,0,0
23,23451,41027,221.63,139118.0,0.11880184141992224,0,0
792,80345,99168,709.25,13699.0,0.17513031984438282,0,0
40,71094,78309,1624.44,518311.0,0.18720448485482108,0,0
2580,49205,10431,579.84,218522.0,0.11279917520501317,0,0
609,29744,153,1413.49,847480.0,0.10899115655401224,0,0
1065,99510,56877,558.62,866529.0,0.050795487624306766,0,0
2118,28721,74593,10.43,349022.0,0.08957876361012698,0,0
2174,94722,47545,380.66,720242.0,0.05201484642736302,0,0
624,91446,89615,1933.53,333645.0,0.2552135283589002,0,0
1962,58341,43344,1093.57,106027.0,0.1890588067796103,0,0
2678,19376,92236,1242.38,500772.0,0.19276403232735986,0,0
289,30688,97248,264.19,571395.0,0.09014227440890882,0,0
903,22011,73362,2708.62,733420.0,0.34198866114499304,0,0
1620,3659,3864,1955.6,305191.0,0.2901831722750611,0,0
184,83996,69596,334.46,467977.0,0.07551453704501436,0,0
1939,25921,70165,353.95,461426.0,0.10083797489007364,0,0
726,89407,30381,503.59,306150.0,0.08675284576481365,0,0
2622,67302,94343,1333.46,154532.0,0.234149387612012,0,0
1546,89769,73872,7.12,92521.0,0.08887985417872625,0,0
663,43700,27073,1112.69,988211.0,0.07786393171353131,0,0
2021,91,1668,1052.86,208768.0,0.18697241497198774,0,0
2091,62052,82426,514.47,229829.0,0.1271902506968066,0,0
2375,12125,93438,47.07,392972.0,0.10068853030643264,0,0
153,74483,71589,353.49,695963.0,0.06268861277899763,0,0
2721,91972,21702,4031.46,207247.0,0.6108903387118242,1,1
2308,5907,82622,316.84,969226.0,0.06469357122447311,0,0
1137,61211,83560,373.76,616063.0,0.0770044743669413,0,0
226,25149,27279,484.1,317648.0,0.1119514286751122,0,0
1310,10703,61575,366.51,101818.0,0.15346189324905363,0,0
1150,60418,1620,35.7,50625.0,0.08517134398285629,0,0
808,73271,81164,685.88,835213.0,0.07103992138191911,0,1
704,23256,25361,835.19,187545.0,0.1621178317872658,0,0
214,63705,32203,251.62,434777.0,0.07139735404899063,0,0
352,25471,77678,293.13,126934.0,0.1407291853267116,0,0
1224,31960,95855,50.59,83641.0,0.12880167884582797,0,0
2573,44459,10405,258.46,856642.0,0.04552498698642377,0,0
1234,38755,80385,370.04,423309.0,0.1036529812638599,0,0
1429,88149,64397,10.47,914760.0,0.034733383034259255,0,0
19,94325,89366,527.13,674576.0,0.07047981330948498,0,0
2724,56710,55007,519.8,964379.0,0.05389208437143132,0,0
634,38964,7019,209.73,669683.0,0.054981653941432104,0,0
762,42178,57385,324.85,671987.0,0.06988244313452203,0,0
2453,49205,28434,177.74,668334.0,0.0551982094406675,0,0
2486,12157,77608,1606.5,556226.0,0.2256082261228648,0,0
1733,31644,40298,10.1,22112.0,0.11174103053205535,0,0
1112,65041,10714,5.46,576136.0,0.04701022109815274,0,0
919,96052,54276,1419.01,771513.0,0.1051692358324169,0,0
267,21368,21903,347.01,678906.0,0.06878484513134976,0,0
2386,79530,98565,323.42,885893.0,0.05320200287387204,0,0
2072,10219,54795,10.78,150631.0,0.11268920231405835,0,0
2705,79698,84924,225.03,160149.0,0.10458338365239424,0,0
2397,33192,34548,204.43,203134.0,0.10286867111779441,0,0
1948,80472,31869,20.57,895800.0,0.03306718778856026,0,0
1206,28647,33764,1125.47,619902.0,0.12723959240469587,0,0
548,4153,69588,1093.06,766158.0,0.13368637717805434,0,1
1104,55854,53850,471.06,20098.0,0.14362945779528616,0,1
2720,56710,55007,152.82,612717.0,0.06102920840449779,0,0
742,88417,34479,328.26,262140.0,0.08183998799363469,0,0
2526,70943,40738,3074.36,822765.0,0.3008978671277056,0,0
1398,17275,11750,619.63,542535.0,0.09537354860037768,0,1
1331,52378,34150,368.42,393761.0,0.0860950167961404,0,0
1629,91013,83254,1033.32,265549.0,0.15329731000128258,0,0
2464,48752,46724,199.05,842363.0,0.04927069243684341,0,0
1759,68953,10241,1522.16,94234.0,0.21663085348830927,0,0
2669,79698,8846,224.34,958122.0,0.03317021892378163,0,0
1495,79698,1268,196.41,260437.0,0.06938670953035678,0,0
2611,76725,84832,68.27,216660.0,0.089397866224299,0,0
1846,13772,19623,214.29,84513.0,0.12185155001918162,0,0
190,7555,87211,289.95,745712.0,0.0817434357949774,0,0
1961,41034,77513,197.95,219254.0,0.11193710835837092,0,0
1107,17275,11750,658.81,342890.0,0.12099108645850278,0,1
2665,20376,7209,2705.3,866953.0,0.25915211234596136,0,0
1011,42178,40150,221.88,634755.0,0.06370642107147181,0,0
2213,38764,57353,139.64,584851.0,0.0683837514213753,0,0
2167,26503,37798,717.19,174406.0,0.15591399119049887,0,0
114,67952,20799,202.95,412966.0,0.06656793330237509,0,0
2578,49205,29728,424.49,640893.0,0.0683915759964701,0,0
298,92029,95827,361.81,758742.0,0.05887337104135016,0,0
120,66876,11750,555.53,342890.0,0.09009379675566526,0,0
1663,39253,67519,3144.76,262327.0,0.5331419226830683,1,1
1661,4705,91637,791.19,563499.0,0.14376921043197652,0,1
1900,25807,56201,70.29,456901.0,0.0792078688743357,0,0
682,91446,86925,1146.17,292015.0,0.16225558431251458,0,0
728,1308,79054,2019.47,101848.0,0.421719551258332,0,1
1951,18344,64057,969.87,112327.0,0.21720238555411306,0,0
2414,44464,31379,121.86,771847.0,0.0487457135113078,0,0
470,6112,31481,180.9,510630.0,0.08143239578305235,0,0
1327,89525,17500,80.75,264739.0,0.06413450688620229,0,0
1935,49205,78426,279.06,586381.0,0.07723523039656233,0,0
2364,49205,21010,249.36,192776.0,0.0954320070280063,0,0
2592,93711,81875,2771.21,733243.0,0.28192370725162746,0,0
527,15503,83990,59.68,727361.0,0.06739766948854227,0,0
1525,46837,27576,81.07,561023.0,0.05846020960158469,0,0
2356,40469,76708,1124.7,760553.0,0.1198340393632622,0,0
1014,19569,2251,406.84,426482.0,0.08917881224827501,0,0
2666,47605,48340,3488.97,555337.0,0.48500401293820894,0,0
724,1308,96025,1648.3,438940.0,0.2809550121766432,0,1
2057,91972,38890,4017.96,990288.0,0.3958221633404204,0,1
307,46920,15901,78.19,625475.0,0.05210006384983071,0,0
1882,18675,92466,10.56,153799.0,0.12224757078150723,0,0
1656,39253,67519,3574.69,262327.0,0.6143888640227518,1,1
2267,98449,82789,649.2,262968.0,0.11480546211692476,0,0
2076,68337,31847,1571.14,372281.0,0.1833348009117755,0,0
743,84929,34692,524.03,981937.0,0.0431254168764391,0,0
2581,61669,26257,1760.34,960878.0,0.11598136956285254,0,0
2257,1953,85998,660.93,241835.0,0.18072463565400967,0,0
569,1308,96025,2259.99,438940.0,0.3855879384358012,0,1
2120,58069,56468,33.04,943032.0,0.03847097324869354,0,0
1992,90371,26088,20.6,818075.0,0.03374389555822594,0,0
174,1569,35108,3258.81,513783.0,0.49841515039131523,0,0
1768,41700,49854,2304.48,945926.0,0.197092921660428,0,0
2286,12561,50329,10.63,528594.0,0.07315274544274804,0,0
1574,35333,12830,2475.3,11438.0,0.4327837550271071,0,0
2682,54433,71812,154.91,24654.0,0.12319826297061406,0,0
763,56857,86832,80.3,206180.0,0.10046923893137491,0,0
2065,9828,87858,816.54,695208.0,0.12343976885012536,0,0
220,30431,48090,192.37,160184.0,0.11299375137240446,0,0
1319,60813,95448,1038.54,298907.0,0.1754242207503339,0,0
706,39528,66201,421.73,954824.0,0.05719324920317293,0,0
2521,49205,38545,175.62,741803.0,0.05257939510073152,0,0
2224,49205,54116,176.55,856453.0,0.048842913264159016,0,0
234,32620,19117,118.4,877657.0,0.04374428590369956,0,0
342,95630,72783,21.88,115859.0,0.08493897416003601,0,0
882,18675,82361,1.46,521096.0,0.07941761460093028,0,0
467,5404,6538,50.12,52389.0,0.11202142809521938,0,0
147,81795,90176,582.63,705388.0,0.07538063355647735,0,1
241,52192,33684,1664.66,940224.0,0.11860321177829462,0,0
961,96803,45249,1769.1,396651.0,0.1879769349396607,0,0
1657,2842,69466,351.63,724452.0,0.0841247824151319,0,1
1991,92897,89626,138.19,4571.0,0.11110584989032112,0,0
1950,56692,19363,187.81,258354.0,0.08180677014220554,0,0
1964,2066,33835,2555.18,144209.0,0.469746347169077,0,0
2661,4039,74582,192.81,282594.0,0.1218718319829488,0,0
1326,89514,64483,70.44,745494.0,0.043752902763904956,0,0
1914,57787,28360,2082.94,370998.0,0.2581262344310507,0,0
2022,53041,58052,2490.08,693422.0,0.27115252309028764,0,0
984,29214,71424,569.46,453490.0,0.11675361265239739,0,1
1830,74782,5892,5.56,666760.0,0.039804626057715176,0,0
744,73271,7725,2534.04,308950.0,0.31288142864000834,0,1
1,92895,2708,734.87,497105.0,0.07445343182095576,0,1
2481,98233,981,774.47,596055.0,0.06661749269591952,0,0
807,5753,90148,1169.23,967207.0,0.12131290832925368,0,0
1884,22454,44310,264.77,213736.0,0.11490148388720364,0,0
1484,9363,67903,300.86,321795.0,0.12037540153506472,0,0
2603,39385,37373,2633.3,582727.0,0.31988753554970084,0,0
1752,46700,55581,42.88,857297.0,0.04497527651189993,0,0
2130,1569,68523,3334.5,594586.0,0.5199077085027859,1,0
1306,82428,84837,80.17,667092.0,0.053475950038017354,0,0
2646,12476,16298,287.39,348139.0,0.09655265568535294,0,0
1879,58690,5838,121.96,100035.0,0.08774258564819547,0,0
2299,72886,29931,337.69,670603.0,0.05559866201016388,0,0
768,35610,35907,346.12,808506.0,0.058434143098455515,0,0
791,2126,36008,685.63,458428.0,0.12635589431250766,0,0
1444,82533,16949,558.54,743226.0,0.05501464477829412,0,0
370,28336,68196,40.8,646279.0,0.06484570465311874,0,0
752,44037,27079,139.96,184693.0,0.0931393476981817,0,0
1652,4705,91637,775.16,563499.0,0.14224739621807683,0,1
1699,65241,35138,3883.04,10312.0,0.6798421653720208,1,1
818,18267,79054,1907.96,101848.0,0.3805128198204378,0,1
1472,5557,72593,91.96,791356.0,0.06476382472781857,0,0
2034,12855,6326,100.35,716895.0,0.054367899522636605,0,0
1129,79326,81247,327.1,168654.0,0.11007546598002643,0,0
1503,36278,2159,1013.95,67001.0,0.18059734942812086,0,0
1611,82589,33155,205.06,339377.0,0.07043513770146735,0,0
1619,86725,62550,266.6,399120.0,0.07476875499139474,0,0
1721,52496,77837,363.82,631799.0,0.0767509892715235,0,0
2344,95110,45315,443.75,144657.0,0.10130052565573892,0,0
1761,88962,31095,652.82,931238.0,0.048646255244339714,0,0
1916,64311,2507,681.29,472700.0,0.08395061407769239,0,0
1555,42170,91380,586.94,962274.0,0.06889069089665438,0,0
2671,98749,35993,184.46,525120.0,0.05281847683785148,0,0
2691,44397,34569,240.73,734626.0,0.05609653941305942,0,0
1893,33367,59738,211.33,768569.0,0.060780702402029915,0,0
1213,79503,54123,933.4,305183.0,0.13208479816452712,0,0
917,60073,96307,362.25,534143.0,0.08761823382232696,0,0
1838,66916,12212,1129.96,311487.0,0.1383749856202871,0,0
2094,71507,65935,823.64,777035.0,0.07999252244226017,0,1
1980,4757,49500,404.09,803821.0,0.07419179174118311,0,0
1359,65241,57127,2033.08,694359.0,0.19644738791259125,0,1
1223,14427,52201,1958.23,106815.0,0.3696170291205518,0,0
628,80155,88553,151.64,27250.0,0.11549531811421894,0,0
1931,42526,14419,10.67,574659.0,0.05332233700632755,0,0
2020,4705,91637,727.08,563499.0,0.13776338538776323,0,1
2217,12663,74713,531.96,10906.0,0.19256501689504849,0,0
111,64437,90716,927.47,367383.0,0.14799814985561255,0,0
1181,95558,70198,158.63,600270.0,0.05449484018401394,0,0
654,90853,91765,66.85,779578.0,0.04591876367881787,0,0
993,59566,15762,563.99,438988.0,0.08563403048095629,0,0
1709,8754,99850,2593.15,880573.0,0.31997618743751843,0,0
2164,25361,54327,5.65,520587.0,0.07022334380909742,0,0
1199,92928,98489,475.62,720426.0,0.06705086310681455,0,0
245,30431,86528,207.28,815783.0,0.0639597131829015,0,0
455,5404,6538,1268.19,52389.0,0.2447696861957219,0,0
1002,67598,49918,697.47,961638.0,0.05743323668809248,0,0
464,46581,44038,412.64,548214.0,0.07978479072807187,0,0
2626,52571,9169,42.57,513229.0,0.0547318301659358,0,0
1189,15017,41161,1135.08,528130.0,0.15267672606594776,0,0
1710,18390,50883,1256.52,153337.0,0.23916439762974034,0,0
1113,23781,59053,443.8,744227.0,0.07704371344301571,0,0
1805,42178,10004,291.99,430429.0,0.07568429256403893,0,0
2179,28639,20078,2838.91,139504.0,0.4799928797030643,0,0
2465,49205,99851,317.22,274548.0,0.11888736482558412,0,0
927,73205,77999,3259.04,660508.0,0.4056145508834725,0,1
2013,39253,67519,50.55,262327.0,0.0941399286091526,0,0
587,88390,7962,2026.25,770230.0,0.14171280523753593,0,0
896,62836,24463,99.54,960082.0,0.03458683872568111,0,0
2142,9292,39334,3583.84,341045.0,0.6050636790100065,1,1
237,53539,28995,2583.27,981350.0,0.20312874500254238,0,0
2509,49205,2431,367.38,811968.0,0.0493188071607011,0,0
2401,79530,68208,341.67,956910.0,0.044759294032486956,0,0
2628,13720,24338,2376.62,630184.0,0.2832848242511496,0,0
2068,22612,15599,1099.69,591870.0,0.12467230556651142,0,0
441,43387,34194,552.49,584257.0,0.08318932072245129,0,0
489,5015,25791,545.39,650043.0,0.08938774755957206,0,0
1953,84902,45031,249.0,873893.0,0.04122820285820893,0,1
454,13928,66012,961.8,697450.0,0.12439812827867519,0,0
1754,68998,86627,739.33,374800.0,0.12533029792241704,0,0
1335,4705,91637,769.89,563499.0,0.14175002991941724,0,0
1720,74453,78732,86.22,867173.0,0.043602409177592116,0,0
2331,39791,9579,753.01,378353.0,0.11172009027607717,0,0
1324,77988,82357,70.27,117012.0,0.09823578339406742,0,0
1572,38131,7149,232.99,112649.0,0.1031935070540252,0,0
73,66430,25617,1921.08,113689.0,0.28289877483372666,0,0
2372,29728,58011,1958.62,606525.0,0.23495412509615451,0,0
1354,92089,68740,620.22,699313.0,0.06906119827190885,0,0
574,59021,44188,478.8,428096.0,0.08998176660538162,0,0
442,29744,83452,1343.3,750759.0,0.15003574846025802,0,0
2576,96553,1733,142.48,884220.0,0.03049415373686506,0,0
878,92464,46064,2577.99,926519.0,0.19171040261422576,0,0
2609,52378,13537,202.54,903293.0,0.04032122806279684,0,0
913,87698,82702,274.23,483855.0,0.07305198939772194,0,0
1241,80849,26386,475.38,886591.0,0.04589313224207221,0,0
1012,90535,12239,311.94,907670.0,0.03602682393239297,0,0
392,29744,23429,815.98,782901.0,0.08303455383479864,0,0
1176,17275,11750,546.19,542535.0,0.09057703559808691,0,1
1462,66884,42978,59.8,148426.0,0.08695362390295638,0,0
531,13852,39708,224.6,464210.0,0.0876332516294934,0,0
940,77434,90074,295.76,927827.0,0.04876410530668284,0,0
1154,77130,42677,10.02,731521.0,0.041777133631699714,0,0
2281,35132,1695,1770.62,680634.0,0.1613270725761508,0,0
239,5753,23204,1083.22,554015.0,0.141353393639719,0,0
191,48912,39443,2.89,61321.0,0.09840737495525817,0,1
1817,47360,8433,213.91,604462.0,0.05728174208266024,0,0
811,78654,94895,378.46,635203.0,0.07251033160988911,0,0
1729,75917,17929,4058.61,960729.0,0.4126871325325281,0,1
1298,62788,66724,1718.58,701235.0,0.16620832855644654,0,0
1182,22605,82700,305.61,699676.0,0.07983749931232209,0,0
1824,81977,37725,4072.37,398231.0,0.5904800978863395,1,0
2252,34561,65326,531.38,932955.0,0.06477606885712515,0,0
2597,22995,46814,282.36,615784.0,0.07604418403070617,0,0
39,32384,22142,573.93,224158.0,0.12498838156697613,0,0
892,37229,58148,275.66,292906.0,0.10430881586123836,0,0
1698,82370,23008,776.37,471479.0,0.08866245035918119,0,0
1599,93050,49121,222.15,305347.0,0.07444507402492873,0,0
2456,49205,85112,248.98,286168.0,0.1067970236949939,0,0
1566,78324,96382,1173.94,156704.0,0.20438943360733372,0,0
2347,1356,56512,80.74,561771.0,0.07979817012626735,0,0
284,31497,74964,340.75,448948.0,0.10031087152667577,0,0
2371,93916,71216,478.92,366706.0,0.08971945731635186,0,0
698,95105,79636,332.47,457075.0,0.07499013659182761,0,0
1491,74211,9600,3936.39,162123.0,0.6167021525829584,1,1
2552,48752,45831,192.36,795024.0,0.051546863300281756,0,0
2379,68912,30295,207.09,135010.0,0.09293385414038105,0,0
750,81292,92320,936.96,231764.0,0.15957808398870058,0,0
1760,62988,93156,424.61,46597.0,0.14880820189170285,0,1
1454,36411,21056,325.31,4866.0,0.12973481724654326,0,0
2183,33256,35083,232.71,698640.0,0.06130333946706209,0,0
653,79911,39367,1048.91,219813.0,0.14823562231927534,0,0
223,49205,98028,1667.22,839171.0,0.16352391432384006,0,0
2080,68616,39875,1021.56,984002.0,0.06814781718131781,0,0
1132,10297,30207,241.64,198846.0,0.11581128169592882,0,0
2354,20912,2937,15.55,509678.0,0.06125473301406487,0,0
1248,5832,32678,3449.01,409736.0,0.5581752722269461,1,0
553,13314,35542,1900.98,274719.0,0.3030816767150335,0,0
860,18267,79054,2063.01,101848.0,0.40920183998967746,0,1
2656,63526,27950,628.3,897950.0,0.055378907103361165,0,0
25,30180,7961,2022.55,686252.0,0.1959320650823443,0,0
536,57420,82907,2322.49,933175.0,0.20868301541382642,0,0
1361,55379,98010,889.39,835206.0,0.09438889789798947,0,0
2688,43275,35318,625.05,517454.0,0.0945067859562035,0,0
1105,55854,53850,471.1,20098.0,0.14363326901338194,0,1
1395,37712,63395,40.48,416104.0,0.07861308938832495,0,0
1746,99021,18038,178.58,834114.0,0.03474464472535716,0,0
886,15187,20101,20.1,328873.0,0.08165962252229274,0,0
1938,21387,41714,754.64,287513.0,0.14758514594899347,0,0
156,18980,10563,386.81,267551.0,0.10740254247023033,0,0
2452,49205,53818,228.38,272130.0,0.0963517928086611,0,0
1706,8787,61047,1047.06,890266.0,0.10851330996079966,0,1
383,99510,56877,765.33,866529.0,0.05909514870184704,0,0
1424,75917,17929,3557.9,960729.0,0.32284400425223553,0,1
544,52359,95579,629.16,392747.0,0.12643505063428437,0,0
2493,17264,3421,315.74,714132.0,0.061871541389104376,0,0
1888,92365,90743,465.56,888484.0,0.05389656561112923,0,0
1261,61211,38480,70.42,123449.0,0.09098581807933481,0,0
1299,82613,75487,1426.75,103121.0,0.2317741444861202,0,0
1487,84100,58717,223.95,602453.0,0.05785327118695436,0,0
990,18107,79697,411.01,991182.0,0.06318816869317628,0,0
